,YogaPoses,ImageNumbers,label of class_6,label of class_20,label of class_82
0,downdog,00000128.jpg,0,0,0
1,downdog,00000129.jpg,0,0,0
2,downdog,00000130.jpg,0,0,0
3,downdog,00000131.jpg,0,0,0
4,downdog,00000132.png,0,0,0
5,downdog,00000133.jpg,0,0,0
6,downdog,00000134.jpg,0,0,0
7,downdog,00000135.jpg,0,0,0
8,downdog,00000137.jpg,0,0,0
9,downdog,00000138.jpg,0,0,0
10,downdog,00000139.jpg,0,0,0
11,downdog,00000140.jpg,0,0,0
12,downdog,00000142.jpg,0,0,0
13,downdog,00000143.jpg,0,0,0
14,downdog,00000144.jpg,0,0,0
15,downdog,00000145.jpg,0,0,0
16,downdog,00000146.jpg,0,0,0
17,downdog,00000147.jpg,0,0,0
18,downdog,00000150.jpg,0,0,0
19,downdog,00000151.jpg,0,0,0
20,downdog,00000152.jpg,0,0,0
21,downdog,00000153.jpg,0,0,0
22,downdog,00000154.jpg,0,0,0
23,downdog,00000155.jpg,0,0,0
24,downdog,00000156.jpg,0,0,0
25,downdog,00000158.jpg,0,0,0
26,downdog,00000159.jpg,0,0,0
27,downdog,00000160.jpg,0,0,0
28,downdog,00000161.jpg,0,0,0
29,downdog,00000162.jpg,0,0,0
30,downdog,00000163.jpg,0,0,0
31,downdog,00000164.jpg,0,0,0
32,downdog,00000165.jpg,0,0,0
33,downdog,00000166.jpg,0,0,0
34,downdog,00000168.jpg,0,0,0
35,downdog,00000170.jpg,0,0,0
36,downdog,00000172.jpg,0,0,0
37,downdog,00000173.jpg,0,0,0
38,downdog,00000174.jpg,0,0,0
39,downdog,00000175.jpg,0,0,0
40,downdog,00000176.jpg,0,0,0
41,downdog,00000177.jpg,0,0,0
42,downdog,00000179.jpg,0,0,0
43,downdog,00000180.jpg,0,0,0
44,downdog,00000181.bmp,0,0,0
45,downdog,00000182.jpg,0,0,0
46,downdog,00000183.jpg,0,0,0
47,downdog,00000186.png,0,0,0
48,downdog,00000187.jpg,0,0,0
49,downdog,00000188.png,0,0,0
50,downdog,00000189.jpg,0,0,0
51,downdog,00000194.jpg,0,0,0
52,downdog,00000197.jpg,0,0,0
53,downdog,00000198.png,0,0,0
54,downdog,00000199.jpg,0,0,0
55,downdog,00000200.jpg,0,0,0
56,downdog,00000201.jpg,0,0,0
57,downdog,00000203.png,0,0,0
58,downdog,00000204.jpg,0,0,0
59,downdog,00000206.jpg,0,0,0
60,downdog,00000208.jpg,0,0,0
61,downdog,00000209.jpg,0,0,0
62,downdog,00000210.jpg,0,0,0
63,downdog,00000212.png,0,0,0
64,downdog,00000213.jpg,0,0,0
65,downdog,00000214.jpg,0,0,0
66,downdog,00000215.jpg,0,0,0
67,downdog,00000216.jpg,0,0,0
68,downdog,00000217.jpg,0,0,0
69,downdog,00000218.jpg,0,0,0
70,downdog,00000219.jpg,0,0,0
71,downdog,00000220.jpg,0,0,0
72,downdog,00000221.jpg,0,0,0
73,downdog,00000222.jpg,0,0,0
74,downdog,00000223.jpg,0,0,0
75,downdog,00000224.jpg,0,0,0
76,downdog,00000225.jpg,0,0,0
77,downdog,00000226.JPG,0,0,0
78,downdog,00000227.jpg,0,0,0
79,downdog,00000228.png,0,0,0
80,downdog,00000229.jpg,0,0,0
81,downdog,00000230.jpg,0,0,0
82,downdog,00000232.jpg,0,0,0
83,downdog,00000233.jpg,0,0,0
84,downdog,00000234.jpg,0,0,0
85,downdog,00000235.jpg,0,0,0
86,downdog,00000236.JPG,0,0,0
87,downdog,00000237.jpg,0,0,0
88,downdog,00000238.jpg,0,0,0
89,downdog,00000239.jpg,0,0,0
90,downdog,00000240.jpg,0,0,0
91,downdog,00000241.jpg,0,0,0
92,downdog,00000242.png,0,0,0
93,downdog,00000243.jpg,0,0,0
94,downdog,00000244.jpg,0,0,0
95,downdog,00000245.png,0,0,0
96,downdog,00000246.jpg,0,0,0
97,downdog,00000247.jpg,0,0,0
98,downdog,00000248.jpg,0,0,0
99,downdog,00000250.jpg,0,0,0
100,downdog,00000251.jpg,0,0,0
101,downdog,00000254.jpg,0,0,0
102,downdog,00000255.jpg,0,0,0
103,downdog,00000258.jpg,0,0,0
104,downdog,00000263.jpg,0,0,0
105,downdog,00000264.jpg,0,0,0
106,downdog,00000266.jpg,0,0,0
107,downdog,00000268.jpg,0,0,0
108,downdog,00000270.jpg,0,0,0
109,downdog,00000272.jpg,0,0,0
110,downdog,00000274.jpg,0,0,0
111,downdog,00000276.jpg,0,0,0
112,downdog,00000277.jpg,0,0,0
113,downdog,00000278.jpg,0,0,0
114,downdog,00000279.jpg,0,0,0
115,downdog,00000280.jpg,0,0,0
116,downdog,00000281.jpg,0,0,0
117,downdog,00000283.jpg,0,0,0
118,downdog,00000284.jpg,0,0,0
119,downdog,00000285.jpg,0,0,0
120,downdog,00000286.jpg,0,0,0
121,downdog,00000287.png,0,0,0
122,downdog,00000288.jpg,0,0,0
123,downdog,00000289.jpg,0,0,0
124,downdog,00000290.png,0,0,0
125,downdog,00000291.jpg,0,0,0
126,downdog,00000292.jpg,0,0,0
127,downdog,00000293.jpg,0,0,0
128,downdog,00000294.jpg,0,0,0
129,downdog,00000295.jpg,0,0,0
130,downdog,00000297.jpg,0,0,0
131,downdog,00000298.jpg,0,0,0
132,downdog,00000299.jpg,0,0,0
133,downdog,00000300.jpg,0,0,0
134,downdog,00000301.jpg,0,0,0
135,downdog,00000303.jpg,0,0,0
136,downdog,00000304.jpg,0,0,0
137,downdog,00000305.png,0,0,0
138,downdog,00000306.jpg,0,0,0
139,downdog,00000308.jpg,0,0,0
140,downdog,00000309.jpg,0,0,0
141,downdog,00000310.png,0,0,0
142,downdog,00000312.jpg,0,0,0
143,downdog,00000314.jpg,0,0,0
144,downdog,00000315.jpg,0,0,0
145,downdog,00000316.jpg,0,0,0
146,downdog,00000319.jpg,0,0,0
147,downdog,00000320.jpg,0,0,0
148,downdog,00000322.jpg,0,0,0
149,downdog,00000323.jpg,0,0,0
150,downdog,00000324.jpg,0,0,0
151,downdog,00000325.jpg,0,0,0
152,downdog,00000326.jpg,0,0,0
153,downdog,00000327.jpg,0,0,0
154,downdog,00000328.jpg,0,0,0
155,downdog,00000329.jpg,0,0,0
156,downdog,00000330.jpg,0,0,0
157,downdog,00000331.jpg,0,0,0
158,downdog,00000332.jpg,0,0,0
159,downdog,00000333.jpg,0,0,0
160,downdog,00000334.jpg,0,0,0
161,downdog,00000335.jpg,0,0,0
162,downdog,00000337.jpg,0,0,0
163,downdog,00000338.jpg,0,0,0
164,downdog,00000340.jpg,0,0,0
165,downdog,00000341.jpg,0,0,0
166,downdog,00000342.jpg,0,0,0
167,downdog,00000343.jpg,0,0,0
168,downdog,00000344.jpg,0,0,0
169,downdog,00000345.png,0,0,0
170,downdog,00000346.jpg,0,0,0
171,downdog,00000347.jpg,0,0,0
172,downdog,00000348.jpg,0,0,0
173,downdog,00000349.png,0,0,0
174,downdog,00000350.jpg,0,0,0
175,downdog,00000351.png,0,0,0
176,downdog,00000352.png,0,0,0
177,downdog,00000353.jpg,0,0,0
178,downdog,00000354.jpg,0,0,0
179,downdog,00000355.jpg,0,0,0
180,downdog,00000356.jpg,0,0,0
181,downdog,00000357.jpg,0,0,0
182,downdog,00000358.jpg,0,0,0
183,downdog,00000360.jpg,0,0,0
184,downdog,00000361.jpg,0,0,0
185,downdog,00000362.jpg,0,0,0
186,downdog,00000365.jpg,0,0,0
187,downdog,00000366.png,0,0,0
188,downdog,00000367.png,0,0,0
189,downdog,00000369.png,0,0,0
190,downdog,00000370.jpg,0,0,0
191,downdog,00000372.jpg,0,0,0
192,downdog,00000375.jpg,0,0,0
193,downdog,00000376.jpg,0,0,0
194,downdog,00000377.jpg,0,0,0
195,downdog,00000378.jpg,0,0,0
196,downdog,00000379.png,0,0,0
197,downdog,00000381.jpg,0,0,0
198,downdog,00000382.jpg,0,0,0
199,downdog,00000385.png,0,0,0
200,downdog,00000387.jpg,0,0,0
201,downdog,00000388.png,0,0,0
202,downdog,00000391.jpg,0,0,0
203,downdog,00000392.jpg,0,0,0
204,downdog,00000393.jpg,0,0,0
205,downdog,00000394.jpg,0,0,0
206,downdog,00000403.jpg,0,0,0
207,downdog,00000404.jpg,0,0,0
208,downdog,00000406.jpg,0,0,0
209,downdog,00000408.jpg,0,0,0
210,downdog,00000409.jpg,0,0,0
211,downdog,00000412.jpg,0,0,0
212,downdog,00000414.jpg,0,0,0
213,downdog,00000415.jpg,0,0,0
214,downdog,00000416.jpg,0,0,0
215,downdog,00000417.jpg,0,0,0
216,downdog,00000419.jpg,0,0,0
217,downdog,00000420.jpg,0,0,0
218,downdog,00000422.jpg,0,0,0
219,downdog,00000423.jpg,0,0,0
220,downdog,00000425.jpg,0,0,0
221,downdog,00000426.jpg,0,0,0
222,downdog,00000427.jpg,0,0,0
223,goddess,00000096.jpg,1,1,1
224,goddess,00000097.jpg,1,1,1
225,goddess,00000100.jpg,1,1,1
226,goddess,00000101.jpg,1,1,1
227,goddess,00000102.jpg,1,1,1
228,goddess,00000103.png,1,1,1
229,goddess,00000104.jpeg,1,1,1
230,goddess,00000105.jpg,1,1,1
231,goddess,00000106.jpg,1,1,1
232,goddess,00000107.jpg,1,1,1
233,goddess,00000108.jpg,1,1,1
234,goddess,00000110.jpg,1,1,1
235,goddess,00000111.jpg,1,1,1
236,goddess,00000112.jpg,1,1,1
237,goddess,00000113.jpg,1,1,1
238,goddess,00000114.jpg,1,1,1
239,goddess,00000115.jpg,1,1,1
240,goddess,00000117.jpg,1,1,1
241,goddess,00000119.jpg,1,1,1
242,goddess,00000120.jpg,1,1,1
243,goddess,00000121.jpg,1,1,1
244,goddess,00000123.png,1,1,1
245,goddess,00000124.jpg,1,1,1
246,goddess,00000125.jpg,1,1,1
247,goddess,00000126.JPG,1,1,1
248,goddess,00000127.png,1,1,1
249,goddess,00000128.jpg,1,1,1
250,goddess,00000129.jpg,1,1,1
251,goddess,00000130.jpg,1,1,1
252,goddess,00000132.jpg,1,1,1
253,goddess,00000134.jpg,1,1,1
254,goddess,00000135.jpeg,1,1,1
255,goddess,00000136.jpg,1,1,1
256,goddess,00000137.jpg,1,1,1
257,goddess,00000141.jpg,1,1,1
258,goddess,00000142.jpg,1,1,1
259,goddess,00000143.jpg,1,1,1
260,goddess,00000145.jpg,1,1,1
261,goddess,00000146.jpg,1,1,1
262,goddess,00000149.jpg,1,1,1
263,goddess,00000150.jpg,1,1,1
264,goddess,00000154.jpg,1,1,1
265,goddess,00000155.jpg,1,1,1
266,goddess,00000157.png,1,1,1
267,goddess,00000160.jpg,1,1,1
268,goddess,00000163.jpg,1,1,1
269,goddess,00000164.jpg,1,1,1
270,goddess,00000165.jpg,1,1,1
271,goddess,00000169.jpg,1,1,1
272,goddess,00000171.jpg,1,1,1
273,goddess,00000172.jpg,1,1,1
274,goddess,00000173.jpg,1,1,1
275,goddess,00000176.jpg,1,1,1
276,goddess,00000177.jpg,1,1,1
277,goddess,00000178.jpg,1,1,1
278,goddess,00000181.jpg,1,1,1
279,goddess,00000182.jpg,1,1,1
280,goddess,00000183.jpg,1,1,1
281,goddess,00000184.jpg,1,1,1
282,goddess,00000188.jpg,1,1,1
283,goddess,00000190.jpg,1,1,1
284,goddess,00000191.jpg,1,1,1
285,goddess,00000192.jpg,1,1,1
286,goddess,00000193.png,1,1,1
287,goddess,00000197.jpg,1,1,1
288,goddess,00000198.jpg,1,1,1
289,goddess,00000202.jpg,1,1,1
290,goddess,00000204.jpg,1,1,1
291,goddess,00000205.jpg,1,1,1
292,goddess,00000206.jpg,1,1,1
293,goddess,00000207.jpg,1,1,1
294,goddess,00000209.jpg,1,1,1
295,goddess,00000210.jpg,1,1,1
296,goddess,00000211.jpg,1,1,1
297,goddess,00000212.jpg,1,1,1
298,goddess,00000216.jpg,1,1,1
299,goddess,00000217.jpg,1,1,1
300,goddess,00000219.jpg,1,1,1
301,goddess,00000222.jpg,1,1,1
302,goddess,00000223.jpg,1,1,1
303,goddess,00000224.jpg,1,1,1
304,goddess,00000226.jpg,1,1,1
305,goddess,00000228.jpg,1,1,1
306,goddess,00000229.jpg,1,1,1
307,goddess,00000230.jpg,1,1,1
308,goddess,00000231.jpg,1,1,1
309,goddess,00000233.jpg,1,1,1
310,goddess,00000235.jpg,1,1,1
311,goddess,00000237.jpg,1,1,1
312,goddess,00000239.jpg,1,1,1
313,goddess,00000242.jpg,1,1,1
314,goddess,00000243.jpg,1,1,1
315,goddess,00000244.jpg,1,1,1
316,goddess,00000245.jpg,1,1,1
317,goddess,00000246.jpg,1,1,1
318,goddess,00000247.jpg,1,1,1
319,goddess,00000250.jpg,1,1,1
320,goddess,00000251.jpg,1,1,1
321,goddess,00000255.jpg,1,1,1
322,goddess,00000258.jpg,1,1,1
323,goddess,00000261.png,1,1,1
324,goddess,00000262.jpg,1,1,1
325,goddess,00000263.jpg,1,1,1
326,goddess,00000264.jpg,1,1,1
327,goddess,00000265.jpg,1,1,1
328,goddess,00000266.jpg,1,1,1
329,goddess,00000269.jpg,1,1,1
330,goddess,00000270.jpg,1,1,1
331,goddess,00000271.jpg,1,1,1
332,goddess,00000272.png,1,1,1
333,goddess,00000274.jpg,1,1,1
334,goddess,00000276.jpg,1,1,1
335,goddess,00000277.jpg,1,1,1
336,goddess,00000278.png,1,1,1
337,goddess,00000280.jpg,1,1,1
338,goddess,00000281.jpg,1,1,1
339,goddess,00000282.png,1,1,1
340,goddess,00000285.jpg,1,1,1
341,goddess,00000286.jpg,1,1,1
342,goddess,00000289.png,1,1,1
343,goddess,00000290.jpg,1,1,1
344,goddess,00000291.jpg,1,1,1
345,goddess,00000292.jpg,1,1,1
346,goddess,00000296.jpg,1,1,1
347,goddess,00000298.jpg,1,1,1
348,goddess,00000299.jpg,1,1,1
349,goddess,00000301.JPG,1,1,1
350,goddess,00000302.jpg,1,1,1
351,goddess,00000303.jpg,1,1,1
352,goddess,00000304.jpg,1,1,1
353,goddess,00000307.jpg,1,1,1
354,goddess,00000308.jpg,1,1,1
355,goddess,00000310.jpg,1,1,1
356,goddess,00000313.jpg,1,1,1
357,goddess,00000315.jpg,1,1,1
358,goddess,00000316.jpg,1,1,1
359,goddess,00000317.jpg,1,1,1
360,goddess,00000318.jpg,1,1,1
361,goddess,00000320.jpg,1,1,1
362,goddess,00000321.jpg,1,1,1
363,goddess,00000324.jpg,1,1,1
364,goddess,00000325.jpg,1,1,1
365,goddess,00000327.jpg,1,1,1
366,goddess,00000329.jpg,1,1,1
367,goddess,00000334.jpg,1,1,1
368,goddess,00000336.jpg,1,1,1
369,goddess,00000337.jpg,1,1,1
370,goddess,00000339.jpg,1,1,1
371,goddess,00000343.jpg,1,1,1
372,goddess,00000345.jpg,1,1,1
373,goddess,00000346.jpg,1,1,1
374,goddess,00000348.jpg,1,1,1
375,goddess,00000349.jpg,1,1,1
376,goddess,00000355.jpg,1,1,1
377,goddess,00000357.jpg,1,1,1
378,goddess,00000358.jpg,1,1,1
379,goddess,00000360.jpg,1,1,1
380,goddess,00000361.jpg,1,1,1
381,goddess,00000363.jpg,1,1,1
382,goddess,00000366.jpg,1,1,1
383,goddess,00000369.jpg,1,1,1
384,goddess,00000370.jpg,1,1,1
385,goddess,00000374.jpg,1,1,1
386,goddess,00000375.jpg,1,1,1
387,goddess,00000376.jpg,1,1,1
388,goddess,00000377.jpg,1,1,1
389,goddess,00000378.jpg,1,1,1
390,goddess,00000379.jpg,1,1,1
391,goddess,00000380.jpg,1,1,1
392,goddess,00000381.jpg,1,1,1
393,goddess,00000383.JPG,1,1,1
394,goddess,00000384.jpg,1,1,1
395,goddess,00000385.jpg,1,1,1
396,goddess,00000389.jpg,1,1,1
397,goddess,00000392.jpg,1,1,1
398,goddess,00000395.jpg,1,1,1
399,goddess,00000397.jpg,1,1,1
400,goddess,00000398.jpg,1,1,1
401,goddess,00000400.jpg,1,1,1
402,goddess,00000401.jpg,1,1,1
403,plank,00000128.jpg,2,2,2
404,plank,00000129.jpg,2,2,2
405,plank,00000130.jpg,2,2,2
406,plank,00000131.jpg,2,2,2
407,plank,00000132.jpg,2,2,2
408,plank,00000133.jpg,2,2,2
409,plank,00000134.jpg,2,2,2
410,plank,00000135.jpg,2,2,2
411,plank,00000136.png,2,2,2
412,plank,00000137.jpg,2,2,2
413,plank,00000138.jpg,2,2,2
414,plank,00000140.jpg,2,2,2
415,plank,00000144.jpg,2,2,2
416,plank,00000146.png,2,2,2
417,plank,00000149.jpg,2,2,2
418,plank,00000150.jpg,2,2,2
419,plank,00000151.jpg,2,2,2
420,plank,00000153.jpg,2,2,2
421,plank,00000154.jpg,2,2,2
422,plank,00000155.jpg,2,2,2
423,plank,00000156.jpg,2,2,2
424,plank,00000157.jpg,2,2,2
425,plank,00000158.jpg,2,2,2
426,plank,00000159.png,2,2,2
427,plank,00000160.jpg,2,2,2
428,plank,00000161.jpg,2,2,2
429,plank,00000162.jpg,2,2,2
430,plank,00000163.jpg,2,2,2
431,plank,00000165.jpg,2,2,2
432,plank,00000167.jpg,2,2,2
433,plank,00000168.jpg,2,2,2
434,plank,00000169.jpg,2,2,2
435,plank,00000170.png,2,2,2
436,plank,00000171.jpg,2,2,2
437,plank,00000172.jpg,2,2,2
438,plank,00000175.jpg,2,2,2
439,plank,00000176.jpg,2,2,2
440,plank,00000177.jpg,2,2,2
441,plank,00000178.jpg,2,2,2
442,plank,00000179.png,2,2,2
443,plank,00000180.jpg,2,2,2
444,plank,00000181.jpg,2,2,2
445,plank,00000182.jpg,2,2,2
446,plank,00000183.jpg,2,2,2
447,plank,00000184.jpg,2,2,2
448,plank,00000185.jpg,2,2,2
449,plank,00000186.jpg,2,2,2
450,plank,00000187.png,2,2,2
451,plank,00000189.jpg,2,2,2
452,plank,00000190.jpg,2,2,2
453,plank,00000191.jpg,2,2,2
454,plank,00000192.jpg,2,2,2
455,plank,00000193.jpg,2,2,2
456,plank,00000194.png,2,2,2
457,plank,00000195.jpg,2,2,2
458,plank,00000196.jpg,2,2,2
459,plank,00000197.jpg,2,2,2
460,plank,00000198.jpg,2,2,2
461,plank,00000199.JPG,2,2,2
462,plank,00000200.png,2,2,2
463,plank,00000201.jpg,2,2,2
464,plank,00000202.jpg,2,2,2
465,plank,00000203.jpg,2,2,2
466,plank,00000204.png,2,2,2
467,plank,00000205.jpg,2,2,2
468,plank,00000206.jpg,2,2,2
469,plank,00000207.jpg,2,2,2
470,plank,00000208.jpg,2,2,2
471,plank,00000209.jpeg,2,2,2
472,plank,00000210.jpg,2,2,2
473,plank,00000212.jpg,2,2,2
474,plank,00000213.jpg,2,2,2
475,plank,00000214.jpg,2,2,2
476,plank,00000215.jpg,2,2,2
477,plank,00000216.jpg,2,2,2
478,plank,00000217.jpg,2,2,2
479,plank,00000218.jpg,2,2,2
480,plank,00000219.jpg,2,2,2
481,plank,00000220.jpg,2,2,2
482,plank,00000221.jpg,2,2,2
483,plank,00000222.jpg,2,2,2
484,plank,00000223.jpg,2,2,2
485,plank,00000224.jpg,2,2,2
486,plank,00000225.jpg,2,2,2
487,plank,00000226.jpg,2,2,2
488,plank,00000227.jpg,2,2,2
489,plank,00000228.jpg,2,2,2
490,plank,00000229.jpg,2,2,2
491,plank,00000230.jpg,2,2,2
492,plank,00000231.jpg,2,2,2
493,plank,00000232.jpg,2,2,2
494,plank,00000233.jpg,2,2,2
495,plank,00000234.jpg,2,2,2
496,plank,00000235.jpg,2,2,2
497,plank,00000236.png,2,2,2
498,plank,00000237.jpg,2,2,2
499,plank,00000238.png,2,2,2
500,plank,00000240.jpg,2,2,2
501,plank,00000241.jpg,2,2,2
502,plank,00000242.jpg,2,2,2
503,plank,00000244.jpg,2,2,2
504,plank,00000245.png,2,2,2
505,plank,00000246.jpg,2,2,2
506,plank,00000247.jpg,2,2,2
507,plank,00000248.jpg,2,2,2
508,plank,00000249.jpg,2,2,2
509,plank,00000250.jpg,2,2,2
510,plank,00000251.jpg,2,2,2
511,plank,00000252.jpg,2,2,2
512,plank,00000253.jpg,2,2,2
513,plank,00000254.jpg,2,2,2
514,plank,00000255.jpg,2,2,2
515,plank,00000256.jpg,2,2,2
516,plank,00000257.jpg,2,2,2
517,plank,00000258.jpg,2,2,2
518,plank,00000260.jpg,2,2,2
519,plank,00000261.jpg,2,2,2
520,plank,00000262.jpg,2,2,2
521,plank,00000263.png,2,2,2
522,plank,00000264.jpg,2,2,2
523,plank,00000265.jpg,2,2,2
524,plank,00000266.jpg,2,2,2
525,plank,00000267.png,2,2,2
526,plank,00000268.jpg,2,2,2
527,plank,00000269.jpg,2,2,2
528,plank,00000270.jpg,2,2,2
529,plank,00000272.jpg,2,2,2
530,plank,00000273.jpg,2,2,2
531,plank,00000274.jpg,2,2,2
532,plank,00000275.jpg,2,2,2
533,plank,00000276.jpg,2,2,2
534,plank,00000277.jpg,2,2,2
535,plank,00000278.jpg,2,2,2
536,plank,00000279.jpg,2,2,2
537,plank,00000281.jpg,2,2,2
538,plank,00000282.jpg,2,2,2
539,plank,00000283.jpg,2,2,2
540,plank,00000284.jpg,2,2,2
541,plank,00000285.jpg,2,2,2
542,plank,00000287.jpg,2,2,2
543,plank,00000288.jpg,2,2,2
544,plank,00000289.jpg,2,2,2
545,plank,00000290.png,2,2,2
546,plank,00000291.jpg,2,2,2
547,plank,00000292.jpg,2,2,2
548,plank,00000293.jpg,2,2,2
549,plank,00000294.png,2,2,2
550,plank,00000295.jpg,2,2,2
551,plank,00000296.jpg,2,2,2
552,plank,00000297.jpg,2,2,2
553,plank,00000298.jpg,2,2,2
554,plank,00000299.jpg,2,2,2
555,plank,00000300.jpg,2,2,2
556,plank,00000301.jpg,2,2,2
557,plank,00000302.jpg,2,2,2
558,plank,00000303.jpg,2,2,2
559,plank,00000304.jpg,2,2,2
560,plank,00000305.jpg,2,2,2
561,plank,00000306.jpg,2,2,2
562,plank,00000307.png,2,2,2
563,plank,00000308.jpg,2,2,2
564,plank,00000309.jpg,2,2,2
565,plank,00000310.jpg,2,2,2
566,plank,00000311.jpg,2,2,2
567,plank,00000312.jpg,2,2,2
568,plank,00000313.jpg,2,2,2
569,plank,00000314.jpg,2,2,2
570,plank,00000315.jpg,2,2,2
571,plank,00000316.jpg,2,2,2
572,plank,00000317.jpg,2,2,2
573,plank,00000318.jpg,2,2,2
574,plank,00000319.jpg,2,2,2
575,plank,00000320.jpg,2,2,2
576,plank,00000321.jpg,2,2,2
577,plank,00000322.png,2,2,2
578,plank,00000323.jpg,2,2,2
579,plank,00000324.jpg,2,2,2
580,plank,00000325.jpg,2,2,2
581,plank,00000326.jpg,2,2,2
582,plank,00000327.jpg,2,2,2
583,plank,00000328.jpg,2,2,2
584,plank,00000329.jpg,2,2,2
585,plank,00000330.png,2,2,2
586,plank,00000331.jpg,2,2,2
587,plank,00000332.jpg,2,2,2
588,plank,00000333.jpg,2,2,2
589,plank,00000335.jpg,2,2,2
590,plank,00000336.jpg,2,2,2
591,plank,00000337.jpg,2,2,2
592,plank,00000338.jpg,2,2,2
593,plank,00000339.jpg,2,2,2
594,plank,00000340.jpg,2,2,2
595,plank,00000341.jpg,2,2,2
596,plank,00000342.jpg,2,2,2
597,plank,00000344.jpg,2,2,2
598,plank,00000345.jpg,2,2,2
599,plank,00000346.jpg,2,2,2
600,plank,00000348.jpg,2,2,2
601,plank,00000349.jpg,2,2,2
602,plank,00000350.jpg,2,2,2
603,plank,00000353.jpg,2,2,2
604,plank,00000354.jpg,2,2,2
605,plank,00000355.jpg,2,2,2
606,plank,00000356.jpg,2,2,2
607,plank,00000357.jpg,2,2,2
608,plank,00000359.JPG,2,2,2
609,plank,00000360.jpg,2,2,2
610,plank,00000361.jpg,2,2,2
611,plank,00000362.jpg,2,2,2
612,plank,00000363.jpg,2,2,2
613,plank,00000364.jpg,2,2,2
614,plank,00000365.jpg,2,2,2
615,plank,00000366.jpg,2,2,2
616,plank,00000367.jpg,2,2,2
617,plank,00000368.jpg,2,2,2
618,plank,00000369.jpg,2,2,2
619,plank,00000370.jpg,2,2,2
620,plank,00000371.jpg,2,2,2
621,plank,00000372.JPG,2,2,2
622,plank,00000373.jpg,2,2,2
623,plank,00000374.jpg,2,2,2
624,plank,00000375.jpg,2,2,2
625,plank,00000376.jpg,2,2,2
626,plank,00000377.jpg,2,2,2
627,plank,00000378.jpg,2,2,2
628,plank,00000380.jpg,2,2,2
629,plank,00000381.jpg,2,2,2
630,plank,00000384.jpg,2,2,2
631,plank,00000385.jpg,2,2,2
632,plank,00000386.jpg,2,2,2
633,plank,00000387.jpeg,2,2,2
634,plank,00000388.png,2,2,2
635,plank,00000389.jpg,2,2,2
636,plank,00000390.jpg,2,2,2
637,plank,00000391.jpg,2,2,2
638,plank,00000395.png,2,2,2
639,plank,00000396.jpg,2,2,2
640,plank,00000397.jpg,2,2,2
641,plank,00000398.jpg,2,2,2
642,plank,00000399.jpg,2,2,2
643,plank,00000402.jpg,2,2,2
644,plank,00000403.jpg,2,2,2
645,plank,00000404.jpg,2,2,2
646,plank,00000406.jpg,2,2,2
647,plank,00000407.jpg,2,2,2
648,plank,00000408.jpg,2,2,2
649,plank,00000410.jpg,2,2,2
650,plank,00000412.jpg,2,2,2
651,plank,00000413.jpg,2,2,2
652,plank,00000414.jpg,2,2,2
653,plank,00000415.jpg,2,2,2
654,plank,00000417.jpg,2,2,2
655,plank,00000418.jpg,2,2,2
656,plank,00000419.jpg,2,2,2
657,plank,00000420.jpg,2,2,2
658,plank,00000423.jpg,2,2,2
659,plank,00000424.jpg,2,2,2
660,plank,00000426.jpg,2,2,2
661,plank,00000428.jpg,2,2,2
662,plank,00000429.jpg,2,2,2
663,plank,00000430.jpg,2,2,2
664,plank,00000431.jpg,2,2,2
665,plank,00000434.jpg,2,2,2
666,plank,00000435.JPG,2,2,2
667,plank,00000437.jpg,2,2,2
668,plank,00000440.jpg,2,2,2
669,tree,00000070.jpg,3,3,3
670,tree,00000071.jpg,3,3,3
671,tree,00000072.jpg,3,3,3
672,tree,00000073.jpg,3,3,3
673,tree,00000074.jpg,3,3,3
674,tree,00000075.jpg,3,3,3
675,tree,00000076.jpg,3,3,3
676,tree,00000077.jpg,3,3,3
677,tree,00000078.jpg,3,3,3
678,tree,00000079.jpg,3,3,3
679,tree,00000080.jpg,3,3,3
680,tree,00000081.jpg,3,3,3
681,tree,00000082.jpg,3,3,3
682,tree,00000083.jpg,3,3,3
683,tree,00000084.jpg,3,3,3
684,tree,00000085.jpg,3,3,3
685,tree,00000086.png,3,3,3
686,tree,00000087.jpg,3,3,3
687,tree,00000088.jpg,3,3,3
688,tree,00000089.jpg,3,3,3
689,tree,00000090.png,3,3,3
690,tree,00000091.jpg,3,3,3
691,tree,00000092.jpg,3,3,3
692,tree,00000093.jpg,3,3,3
693,tree,00000094.jpg,3,3,3
694,tree,00000095.jpg,3,3,3
695,tree,00000096.jpg,3,3,3
696,tree,00000097.jpg,3,3,3
697,tree,00000098.jpg,3,3,3
698,tree,00000099.jpg,3,3,3
699,tree,00000100.jpg,3,3,3
700,tree,00000101.jpg,3,3,3
701,tree,00000102.jpg,3,3,3
702,tree,00000103.jpg,3,3,3
703,tree,00000104.jpg,3,3,3
704,tree,00000105.jpg,3,3,3
705,tree,00000106.jpg,3,3,3
706,tree,00000107.jpg,3,3,3
707,tree,00000108.jpg,3,3,3
708,tree,00000109.jpg,3,3,3
709,tree,00000110.jpg,3,3,3
710,tree,00000111.jpg,3,3,3
711,tree,00000112.jpg,3,3,3
712,tree,00000113.jpg,3,3,3
713,tree,00000114.jpg,3,3,3
714,tree,00000115.jpg,3,3,3
715,tree,00000116.jpg,3,3,3
716,tree,00000117.jpg,3,3,3
717,tree,00000118.jpg,3,3,3
718,tree,00000119.jpg,3,3,3
719,tree,00000120.jpg,3,3,3
720,tree,00000121.jpg,3,3,3
721,tree,00000122.jpg,3,3,3
722,tree,00000123.jpg,3,3,3
723,tree,00000124.jpg,3,3,3
724,tree,00000125.jpg,3,3,3
725,tree,00000126.jpg,3,3,3
726,tree,00000127.jpg,3,3,3
727,tree,00000128.jpg,3,3,3
728,tree,00000129.jpg,3,3,3
729,tree,00000130.jpg,3,3,3
730,tree,00000131.png,3,3,3
731,tree,00000132.jpg,3,3,3
732,tree,00000133.jpg,3,3,3
733,tree,00000134.jpg,3,3,3
734,tree,00000135.jpg,3,3,3
735,tree,00000136.jpg,3,3,3
736,tree,00000137.jpg,3,3,3
737,tree,00000138.jpg,3,3,3
738,tree,00000139.jpg,3,3,3
739,tree,00000140.png,3,3,3
740,tree,00000141.jpg,3,3,3
741,tree,00000142.jpg,3,3,3
742,tree,00000143.jpg,3,3,3
743,tree,00000144.jpg,3,3,3
744,tree,00000145.png,3,3,3
745,tree,00000146.jpg,3,3,3
746,tree,00000147.jpg,3,3,3
747,tree,00000148.jpg,3,3,3
748,tree,00000149.jpg,3,3,3
749,tree,00000150.jpg,3,3,3
750,tree,00000151.jpg,3,3,3
751,tree,00000152.jpg,3,3,3
752,tree,00000153.jpg,3,3,3
753,tree,00000154.png,3,3,3
754,tree,00000155.jpg,3,3,3
755,tree,00000156.jpg,3,3,3
756,tree,00000157.png,3,3,3
757,tree,00000158.jpg,3,3,3
758,tree,00000159.jpg,3,3,3
759,tree,00000160.jpg,3,3,3
760,tree,00000161.jpg,3,3,3
761,tree,00000162.jpg,3,3,3
762,tree,00000163.jpg,3,3,3
763,tree,00000164.jpg,3,3,3
764,tree,00000165.jpg,3,3,3
765,tree,00000166.jpg,3,3,3
766,tree,00000167.jpg,3,3,3
767,tree,00000168.jpg,3,3,3
768,tree,00000169.jpg,3,3,3
769,tree,00000170.jpg,3,3,3
770,tree,00000171.jpg,3,3,3
771,tree,00000172.jpg,3,3,3
772,tree,00000173.jpg,3,3,3
773,tree,00000174.jpg,3,3,3
774,tree,00000175.jpg,3,3,3
775,tree,00000176.jpg,3,3,3
776,tree,00000177.png,3,3,3
777,tree,00000178.JPG,3,3,3
778,tree,00000179.jpg,3,3,3
779,tree,00000180.jpg,3,3,3
780,tree,00000181.jpg,3,3,3
781,tree,00000182.jpg,3,3,3
782,tree,00000184.jpg,3,3,3
783,tree,00000185.jpg,3,3,3
784,tree,00000186.jpg,3,3,3
785,tree,00000187.jpg,3,3,3
786,tree,00000188.jpg,3,3,3
787,tree,00000190.jpg,3,3,3
788,tree,00000191.jpg,3,3,3
789,tree,00000192.jpg,3,3,3
790,tree,00000193.jpg,3,3,3
791,tree,00000194.jpg,3,3,3
792,tree,00000195.jpg,3,3,3
793,tree,00000196.jpg,3,3,3
794,tree,00000197.jpg,3,3,3
795,tree,00000198.jpg,3,3,3
796,tree,00000199.jpg,3,3,3
797,tree,00000200.png,3,3,3
798,tree,00000201.jpg,3,3,3
799,tree,00000202.jpg,3,3,3
800,tree,00000203.png,3,3,3
801,tree,00000204.jpg,3,3,3
802,tree,File10.jpg,3,3,3
803,tree,File11.jpg,3,3,3
804,tree,File12.jpg,3,3,3
805,tree,File13.jpg,3,3,3
806,tree,File14.jpg,3,3,3
807,tree,File15.jpg,3,3,3
808,tree,File17.jpg,3,3,3
809,tree,File18.jpg,3,3,3
810,tree,File25.jpg,3,3,3
811,tree,File31.jpg,3,3,3
812,tree,File36.jpg,3,3,3
813,tree,File38.jpg,3,3,3
814,tree,File40.jpg,3,3,3
815,tree,File41.jpg,3,3,3
816,tree,File42.jpg,3,3,3
817,tree,File45.jpg,3,3,3
818,tree,File47.jpg,3,3,3
819,tree,File49.jpg,3,3,3
820,tree,File55.jpg,3,3,3
821,tree,File64.jpg,3,3,3
822,tree,File66.jpg,3,3,3
823,tree,File71.jpg,3,3,3
824,tree,File72.jpg,3,3,3
825,tree,File73.jpg,3,3,3
826,tree,File81.jpg,3,3,3
827,tree,File83.jpg,3,3,3
828,tree,File84.jpg,3,3,3
829,warrior2,00000118.jpg,4,4,4
830,warrior2,00000120.jpg,4,4,4
831,warrior2,00000121.jpg,4,4,4
832,warrior2,00000122.jpg,4,4,4
833,warrior2,00000123.png,4,4,4
834,warrior2,00000124.jpg,4,4,4
835,warrior2,00000125.jpg,4,4,4
836,warrior2,00000126.jpg,4,4,4
837,warrior2,00000127.jpg,4,4,4
838,warrior2,00000129.jpg,4,4,4
839,warrior2,00000130.jpg,4,4,4
840,warrior2,00000131.jpg,4,4,4
841,warrior2,00000132.jpg,4,4,4
842,warrior2,00000134.jpg,4,4,4
843,warrior2,00000135.jpg,4,4,4
844,warrior2,00000136.jpg,4,4,4
845,warrior2,00000137.jpg,4,4,4
846,warrior2,00000138.jpg,4,4,4
847,warrior2,00000139.jpg,4,4,4
848,warrior2,00000140.jpg,4,4,4
849,warrior2,00000141.jpg,4,4,4
850,warrior2,00000142.jpg,4,4,4
851,warrior2,00000143.jpg,4,4,4
852,warrior2,00000147.jpg,4,4,4
853,warrior2,00000148.jpg,4,4,4
854,warrior2,00000149.jpg,4,4,4
855,warrior2,00000150.jpg,4,4,4
856,warrior2,00000153.jpg,4,4,4
857,warrior2,00000155.jpg,4,4,4
858,warrior2,00000156.jpg,4,4,4
859,warrior2,00000157.jpg,4,4,4
860,warrior2,00000158.jpg,4,4,4
861,warrior2,00000160.jpg,4,4,4
862,warrior2,00000162.jpg,4,4,4
863,warrior2,00000165.jpg,4,4,4
864,warrior2,00000166.jpg,4,4,4
865,warrior2,00000167.jpg,4,4,4
866,warrior2,00000168.jpg,4,4,4
867,warrior2,00000170.jpg,4,4,4
868,warrior2,00000171.jpg,4,4,4
869,warrior2,00000173.jpg,4,4,4
870,warrior2,00000174.jpg,4,4,4
871,warrior2,00000177.jpg,4,4,4
872,warrior2,00000178.jpg,4,4,4
873,warrior2,00000179.jpg,4,4,4
874,warrior2,00000180.jpg,4,4,4
875,warrior2,00000181.jpg,4,4,4
876,warrior2,00000182.jpg,4,4,4
877,warrior2,00000184.png,4,4,4
878,warrior2,00000186.jpg,4,4,4
879,warrior2,00000187.jpg,4,4,4
880,warrior2,00000188.jpg,4,4,4
881,warrior2,00000189.jpg,4,4,4
882,warrior2,00000190.jpg,4,4,4
883,warrior2,00000191.jpg,4,4,4
884,warrior2,00000192.jpg,4,4,4
885,warrior2,00000193.jpg,4,4,4
886,warrior2,00000194.jpg,4,4,4
887,warrior2,00000195.jpeg,4,4,4
888,warrior2,00000196.jpg,4,4,4
889,warrior2,00000198.jpg,4,4,4
890,warrior2,00000199.jpg,4,4,4
891,warrior2,00000200.jpg,4,4,4
892,warrior2,00000202.jpg,4,4,4
893,warrior2,00000203.jpg,4,4,4
894,warrior2,00000204.jpg,4,4,4
895,warrior2,00000205.jpg,4,4,4
896,warrior2,00000206.jpg,4,4,4
897,warrior2,00000207.jpeg,4,4,4
898,warrior2,00000208.jpg,4,4,4
899,warrior2,00000209.JPG,4,4,4
900,warrior2,00000210.jpg,4,4,4
901,warrior2,00000211.jpg,4,4,4
902,warrior2,00000212.jpg,4,4,4
903,warrior2,00000213.jpg,4,4,4
904,warrior2,00000214.jpg,4,4,4
905,warrior2,00000215.jpg,4,4,4
906,warrior2,00000216.jpg,4,4,4
907,warrior2,00000217.jpg,4,4,4
908,warrior2,00000218.jpg,4,4,4
909,warrior2,00000219.jpg,4,4,4
910,warrior2,00000220.jpg,4,4,4
911,warrior2,00000221.jpg,4,4,4
912,warrior2,00000222.jpg,4,4,4
913,warrior2,00000223.jpg,4,4,4
914,warrior2,00000224.jpg,4,4,4
915,warrior2,00000225.jpg,4,4,4
916,warrior2,00000226.jpg,4,4,4
917,warrior2,00000227.jpg,4,4,4
918,warrior2,00000228.jpg,4,4,4
919,warrior2,00000231.jpg,4,4,4
920,warrior2,00000233.jpg,4,4,4
921,warrior2,00000234.jpg,4,4,4
922,warrior2,00000235.jpg,4,4,4
923,warrior2,00000236.jpg,4,4,4
924,warrior2,00000237.jpg,4,4,4
925,warrior2,00000238.jpg,4,4,4
926,warrior2,00000239.jpg,4,4,4
927,warrior2,00000240.jpg,4,4,4
928,warrior2,00000241.jpg,4,4,4
929,warrior2,00000243.jpg,4,4,4
930,warrior2,00000244.jpg,4,4,4
931,warrior2,00000245.jpg,4,4,4
932,warrior2,00000247.jpg,4,4,4
933,warrior2,00000248.jpg,4,4,4
934,warrior2,00000249.jpg,4,4,4
935,warrior2,00000250.png,4,4,4
936,warrior2,00000251.jpg,4,4,4
937,warrior2,00000253.jpg,4,4,4
938,warrior2,00000254.jpg,4,4,4
939,warrior2,00000255.jpg,4,4,4
940,warrior2,00000256.jpg,4,4,4
941,warrior2,00000257.jpg,4,4,4
942,warrior2,00000258.jpg,4,4,4
943,warrior2,00000259.jpg,4,4,4
944,warrior2,00000260.jpg,4,4,4
945,warrior2,00000264.jpg,4,4,4
946,warrior2,00000265.jpg,4,4,4
947,warrior2,00000266.jpg,4,4,4
948,warrior2,00000267.jpg,4,4,4
949,warrior2,00000268.jpg,4,4,4
950,warrior2,00000269.jpg,4,4,4
951,warrior2,00000270.jpg,4,4,4
952,warrior2,00000271.jpg,4,4,4
953,warrior2,00000272.jpg,4,4,4
954,warrior2,00000273.jpg,4,4,4
955,warrior2,00000274.jpg,4,4,4
956,warrior2,00000275.jpg,4,4,4
957,warrior2,00000278.jpg,4,4,4
958,warrior2,00000279.jpg,4,4,4
959,warrior2,00000281.PNG,4,4,4
960,warrior2,00000283.jpg,4,4,4
961,warrior2,00000284.jpg,4,4,4
962,warrior2,00000285.jpg,4,4,4
963,warrior2,00000286.jpg,4,4,4
964,warrior2,00000287.png,4,4,4
965,warrior2,00000289.jpg,4,4,4
966,warrior2,00000290.jpg,4,4,4
967,warrior2,00000291.jpg,4,4,4
968,warrior2,00000293.jpg,4,4,4
969,warrior2,00000294.jpg,4,4,4
970,warrior2,00000295.jpg,4,4,4
971,warrior2,00000296.jpg,4,4,4
972,warrior2,00000297.jpg,4,4,4
973,warrior2,00000298.jpg,4,4,4
974,warrior2,00000299.jpg,4,4,4
975,warrior2,00000300.jpg,4,4,4
976,warrior2,00000301.jpg,4,4,4
977,warrior2,00000302.jpg,4,4,4
978,warrior2,00000303.jpg,4,4,4
979,warrior2,00000307.jpg,4,4,4
980,warrior2,00000309.jpg,4,4,4
981,warrior2,00000310.jpg,4,4,4
982,warrior2,00000311.jpg,4,4,4
983,warrior2,00000312.jpg,4,4,4
984,warrior2,00000313.jpg,4,4,4
985,warrior2,00000314.jpg,4,4,4
986,warrior2,00000315.jpg,4,4,4
987,warrior2,00000317.jpg,4,4,4
988,warrior2,00000318.jpg,4,4,4
989,warrior2,00000319.jpg,4,4,4
990,warrior2,00000320.jpg,4,4,4
991,warrior2,00000321.jpg,4,4,4
992,warrior2,00000322.jpg,4,4,4
993,warrior2,00000323.jpg,4,4,4
994,warrior2,00000324.jpg,4,4,4
995,warrior2,00000325.jpg,4,4,4
996,warrior2,00000326.jpg,4,4,4
997,warrior2,00000327.jpg,4,4,4
998,warrior2,00000328.jpg,4,4,4
999,warrior2,00000329.jpg,4,4,4
1000,warrior2,00000331.png,4,4,4
1001,warrior2,00000332.jpg,4,4,4
1002,warrior2,00000333.jpg,4,4,4
1003,warrior2,00000334.jpg,4,4,4
1004,warrior2,00000335.jpg,4,4,4
1005,warrior2,00000336.jpg,4,4,4
1006,warrior2,00000337.jpg,4,4,4
1007,warrior2,00000338.jpg,4,4,4
1008,warrior2,00000339.jpg,4,4,4
1009,warrior2,00000341.jpg,4,4,4
1010,warrior2,00000342.jpg,4,4,4
1011,warrior2,00000343.jpg,4,4,4
1012,warrior2,00000344.jpg,4,4,4
1013,warrior2,00000345.jpg,4,4,4
1014,warrior2,00000346.jpg,4,4,4
1015,warrior2,00000347.jpg,4,4,4
1016,warrior2,00000348.jpg,4,4,4
1017,warrior2,00000349.jpg,4,4,4
1018,warrior2,00000351.jpg,4,4,4
1019,warrior2,00000352.jpg,4,4,4
1020,warrior2,00000353.jpg,4,4,4
1021,warrior2,00000355.jpg,4,4,4
1022,warrior2,00000358.jpg,4,4,4
1023,warrior2,00000359.jpg,4,4,4
1024,warrior2,00000360.jpg,4,4,4
1025,warrior2,00000361.jpg,4,4,4
1026,warrior2,00000365.jpg,4,4,4
1027,warrior2,00000366.jpg,4,4,4
1028,warrior2,00000367.jpg,4,4,4
1029,warrior2,00000368.jpg,4,4,4
1030,warrior2,00000369.jpg,4,4,4
1031,warrior2,00000370.jpg,4,4,4
1032,warrior2,00000372.jpg,4,4,4
1033,warrior2,00000373.jpg,4,4,4
1034,warrior2,00000374.jpg,4,4,4
1035,warrior2,00000375.jpg,4,4,4
1036,warrior2,00000376.jpg,4,4,4
1037,warrior2,00000377.png,4,4,4
1038,warrior2,00000381.jpg,4,4,4
1039,warrior2,00000382.jpg,4,4,4
1040,warrior2,00000383.jpg,4,4,4
1041,warrior2,00000384.jpg,4,4,4
1042,warrior2,00000385.jpg,4,4,4
1043,warrior2,00000387.jpg,4,4,4
1044,warrior2,00000389.jpg,4,4,4
1045,warrior2,00000390.jpg,4,4,4
1046,warrior2,00000391.jpg,4,4,4
1047,warrior2,00000393.jpg,4,4,4
1048,warrior2,00000394.jpg,4,4,4
1049,warrior2,00000395.jpg,4,4,4
1050,warrior2,00000396.jpg,4,4,4
1051,warrior2,00000397.jpg,4,4,4
1052,warrior2,00000400.jpg,4,4,4
1053,warrior2,00000401.jpg,4,4,4
1054,warrior2,00000402.jpg,4,4,4
1055,warrior2,00000406.jpg,4,4,4
1056,warrior2,00000407.jpg,4,4,4
1057,warrior2,00000408.jpg,4,4,4
1058,warrior2,00000410.jpg,4,4,4
1059,warrior2,00000412.jpg,4,4,4
1060,warrior2,00000413.jpg,4,4,4
1061,warrior2,00000414.jpg,4,4,4
1062,warrior2,00000416.png,4,4,4
1063,warrior2,00000418.jpg,4,4,4
1064,warrior2,00000419.jpg,4,4,4
1065,warrior2,00000420.jpg,4,4,4
1066,warrior2,00000421.jpg,4,4,4
1067,warrior2,00000423.jpg,4,4,4
1068,warrior2,00000425.jpg,4,4,4
1069,warrior2,00000426.jpg,4,4,4
1070,warrior2,00000427.jpg,4,4,4
1071,warrior2,00000428.jpg,4,4,4
1072,warrior2,00000429.jpg,4,4,4
1073,warrior2,00000430.jpg,4,4,4
1074,warrior2,00000431.jpg,4,4,4
1075,warrior2,00000432.png,4,4,4
1076,warrior2,00000433.jpg,4,4,4
1077,warrior2,00000434.jpg,4,4,4
1078,warrior2,00000436.jpg,4,4,4
1079,warrior2,00000437.jpg,4,4,4
1080,warrior2,00000438.jpg,4,4,4
